content/posts/2025-06-01-japanese-kaiseki-guide/index.md,cover.image,kaiseki-seasonal-presentation.jpg,content/posts/2025-06-01-japanese-kaiseki-guide/kaiseki-seasonal-presentation.jpg
content/posts/2025-06-01-japanese-kaiseki-guide/index.md,markdown_img,autumn-kaiseki-colors.jpg,content/posts/2025-06-01-japanese-kaiseki-guide/autumn-kaiseki-colors.jpg
content/posts/2025-06-01-japanese-kaiseki-guide/index.md,markdown_img,chashitsu-kaiseki.jpg,content/posts/2025-06-01-japanese-kaiseki-guide/chashitsu-kaiseki.jpg
content/posts/2025-06-01-japanese-kaiseki-guide/index.md,markdown_img,high-end-kaiseki-restaurant.jpg,content/posts/2025-06-01-japanese-kaiseki-guide/high-end-kaiseki-restaurant.jpg
content/posts/2025-06-01-japanese-kaiseki-guide/index.md,markdown_img,home-kaiseki-cooking.jpg,content/posts/2025-06-01-japanese-kaiseki-guide/home-kaiseki-cooking.jpg
content/posts/2025-06-01-japanese-kaiseki-guide/index.md,markdown_img,kaiseki-basic-structure.jpg,content/posts/2025-06-01-japanese-kaiseki-guide/kaiseki-basic-structure.jpg
content/posts/2025-06-01-japanese-kaiseki-guide/index.md,markdown_img,kaiseki-beautiful-tableware.jpg,content/posts/2025-06-01-japanese-kaiseki-guide/kaiseki-beautiful-tableware.jpg
content/posts/2025-06-01-japanese-kaiseki-guide/index.md,markdown_img,kaiseki-cooking-class.jpg,content/posts/2025-06-01-japanese-kaiseki-guide/kaiseki-cooking-class.jpg
content/posts/2025-06-01-japanese-kaiseki-guide/index.md,markdown_img,kaiseki-final-presentation.jpg,content/posts/2025-06-01-japanese-kaiseki-guide/kaiseki-final-presentation.jpg
content/posts/2025-06-01-japanese-kaiseki-guide/index.md,markdown_img,kaiseki-sake-pairing.jpg,content/posts/2025-06-01-japanese-kaiseki-guide/kaiseki-sake-pairing.jpg
content/posts/2025-06-01-japanese-kaiseki-guide/index.md,markdown_img,kaiseki-zensai-arrangement.jpg,content/posts/2025-06-01-japanese-kaiseki-guide/kaiseki-zensai-arrangement.jpg
content/posts/2025-06-01-japanese-kaiseki-guide/index.md,markdown_img,modern-kaiseki-innovation.jpg,content/posts/2025-06-01-japanese-kaiseki-guide/modern-kaiseki-innovation.jpg
content/posts/2025-06-01-japanese-kaiseki-guide/index.md,markdown_img,spring-kaiseki-course.jpg,content/posts/2025-06-01-japanese-kaiseki-guide/spring-kaiseki-course.jpg
content/posts/2025-06-01-japanese-kaiseki-guide/index.md,markdown_img,summer-kaiseki-cool.jpg,content/posts/2025-06-01-japanese-kaiseki-guide/summer-kaiseki-cool.jpg
content/posts/2025-06-01-japanese-kaiseki-guide/index.md,markdown_img,winter-kaiseki-warmth.jpg,content/posts/2025-06-01-japanese-kaiseki-guide/winter-kaiseki-warmth.jpg
content/posts/2025-06-05-italian-pasta-guide/index.md,cover.image,italian-pasta-varieties.jpg,content/posts/2025-06-05-italian-pasta-guide/italian-pasta-varieties.jpg
content/posts/2025-06-05-italian-pasta-guide/index.md,markdown_img,ancient-pasta-making.jpg,content/posts/2025-06-05-italian-pasta-guide/ancient-pasta-making.jpg
content/posts/2025-06-05-italian-pasta-guide/index.md,markdown_img,bologna-tagliatelle.jpg,content/posts/2025-06-05-italian-pasta-guide/bologna-tagliatelle.jpg
content/posts/2025-06-05-italian-pasta-guide/index.md,markdown_img,home-cooking-pasta.jpg,content/posts/2025-06-05-italian-pasta-guide/home-cooking-pasta.jpg
content/posts/2025-06-05-italian-pasta-guide/index.md,markdown_img,italian-wine-pasta-pairing.jpg,content/posts/2025-06-05-italian-pasta-guide/italian-wine-pasta-pairing.jpg
content/posts/2025-06-05-italian-pasta-guide/index.md,markdown_img,long-pasta-varieties.jpg,content/posts/2025-06-05-italian-pasta-guide/long-pasta-varieties.jpg
content/posts/2025-06-05-italian-pasta-guide/index.md,markdown_img,neapolitan-pasta-dishes.jpg,content/posts/2025-06-05-italian-pasta-guide/neapolitan-pasta-dishes.jpg
content/posts/2025-06-05-italian-pasta-guide/index.md,markdown_img,pasta-boiling-technique.jpg,content/posts/2025-06-05-italian-pasta-guide/pasta-boiling-technique.jpg
content/posts/2025-06-05-italian-pasta-guide/index.md,markdown_img,pasta-dough-making.jpg,content/posts/2025-06-05-italian-pasta-guide/pasta-dough-making.jpg
content/posts/2025-06-05-italian-pasta-guide/index.md,markdown_img,pasta-making-hands.jpg,content/posts/2025-06-05-italian-pasta-guide/pasta-making-hands.jpg
content/posts/2025-06-05-italian-pasta-guide/index.md,markdown_img,perfect-pasta-plating.jpg,content/posts/2025-06-05-italian-pasta-guide/perfect-pasta-plating.jpg
content/posts/2025-06-05-italian-pasta-guide/index.md,markdown_img,quality-italian-pasta.jpg,content/posts/2025-06-05-italian-pasta-guide/quality-italian-pasta.jpg
content/posts/2025-06-05-italian-pasta-guide/index.md,markdown_img,ravioli-making-process.jpg,content/posts/2025-06-05-italian-pasta-guide/ravioli-making-process.jpg
content/posts/2025-06-05-italian-pasta-guide/index.md,markdown_img,roman-carbonara.jpg,content/posts/2025-06-05-italian-pasta-guide/roman-carbonara.jpg
content/posts/2025-06-05-italian-pasta-guide/index.md,markdown_img,short-pasta-collection.jpg,content/posts/2025-06-05-italian-pasta-guide/short-pasta-collection.jpg
content/posts/2025-06-10-french-pastry-guide/index.md,cover.image,french-pastry-display.jpg,content/posts/2025-06-10-french-pastry-guide/french-pastry-display.jpg
content/posts/2025-06-10-french-pastry-guide/index.md,markdown_img,cedric-grolet-artistic-creations.jpg,content/posts/2025-06-10-french-pastry-guide/cedric-grolet-artistic-creations.jpg
content/posts/2025-06-10-french-pastry-guide/index.md,markdown_img,chocolate-mousse-smooth.jpg,content/posts/2025-06-10-french-pastry-guide/chocolate-mousse-smooth.jpg
content/posts/2025-06-10-french-pastry-guide/index.md,markdown_img,choux-pastry-piping.jpg,content/posts/2025-06-10-french-pastry-guide/choux-pastry-piping.jpg
content/posts/2025-06-10-french-pastry-guide/index.md,markdown_img,colorful-macarons.jpg,content/posts/2025-06-10-french-pastry-guide/colorful-macarons.jpg
content/posts/2025-06-10-french-pastry-guide/index.md,markdown_img,creme-brulee-caramelized.jpg,content/posts/2025-06-10-french-pastry-guide/creme-brulee-caramelized.jpg
content/posts/2025-06-10-french-pastry-guide/index.md,markdown_img,elegant-afternoon-tea.jpg,content/posts/2025-06-10-french-pastry-guide/elegant-afternoon-tea.jpg
content/posts/2025-06-10-french-pastry-guide/index.md,markdown_img,fluffy-brioche.jpg,content/posts/2025-06-10-french-pastry-guide/fluffy-brioche.jpg
content/posts/2025-06-10-french-pastry-guide/index.md,markdown_img,fresh-croissants.jpg,content/posts/2025-06-10-french-pastry-guide/fresh-croissants.jpg
content/posts/2025-06-10-french-pastry-guide/index.md,markdown_img,home-french-pastry.jpg,content/posts/2025-06-10-french-pastry-guide/home-french-pastry.jpg
content/posts/2025-06-10-french-pastry-guide/index.md,markdown_img,laduree-elegant-interior.jpg,content/posts/2025-06-10-french-pastry-guide/laduree-elegant-interior.jpg
content/posts/2025-06-10-french-pastry-guide/index.md,markdown_img,opera-cake-elegant.jpg,content/posts/2025-06-10-french-pastry-guide/opera-cake-elegant.jpg
content/posts/2025-06-10-french-pastry-guide/index.md,markdown_img,pastry-school-training.jpg,content/posts/2025-06-10-french-pastry-guide/pastry-school-training.jpg
content/posts/2025-06-10-french-pastry-guide/index.md,markdown_img,patisserie-beautiful-showcase.jpg,content/posts/2025-06-10-french-pastry-guide/patisserie-beautiful-showcase.jpg
content/posts/2025-06-10-french-pastry-guide/index.md,markdown_img,patissier-hands-work.jpg,content/posts/2025-06-10-french-pastry-guide/patissier-hands-work.jpg
content/posts/2025-06-10-french-pastry-guide/index.md,markdown_img,pierre-herme-macarons.jpg,content/posts/2025-06-10-french-pastry-guide/pierre-herme-macarons.jpg
content/posts/2025-06-10-french-pastry-guide/index.md,markdown_img,puff-pastry-folding.jpg,content/posts/2025-06-10-french-pastry-guide/puff-pastry-folding.jpg
content/posts/2025-06-10-french-pastry-guide/index.md,markdown_img,sable-dough-making.jpg,content/posts/2025-06-10-french-pastry-guide/sable-dough-making.jpg
content/posts/2025-06-10-french-pastry-guide/index.md,markdown_img,tarte-tatin-traditional.jpg,content/posts/2025-06-10-french-pastry-guide/tarte-tatin-traditional.jpg
content/posts/2025-06-10-french-pastry-guide/index.md,markdown_img,versailles-palace-desserts.jpg,content/posts/2025-06-10-french-pastry-guide/versailles-palace-desserts.jpg
content/posts/2025-06-15-thai-cuisine-guide/index.md,cover.image,thai-cuisine-colorful.jpg,content/posts/2025-06-15-thai-cuisine-guide/thai-cuisine-colorful.jpg
content/posts/2025-06-15-thai-cuisine-guide/index.md,markdown_img,authentic-pad-thai.jpg,content/posts/2025-06-15-thai-cuisine-guide/authentic-pad-thai.jpg
content/posts/2025-06-15-thai-cuisine-guide/index.md,markdown_img,five-flavors-thai-cuisine.jpg,content/posts/2025-06-15-thai-cuisine-guide/five-flavors-thai-cuisine.jpg
content/posts/2025-06-15-thai-cuisine-guide/index.md,markdown_img,green-curry-rich.jpg,content/posts/2025-06-15-thai-cuisine-guide/green-curry-rich.jpg
content/posts/2025-06-15-thai-cuisine-guide/index.md,markdown_img,isaan-cuisine-hearty.jpg,content/posts/2025-06-15-thai-cuisine-guide/isaan-cuisine-hearty.jpg
content/posts/2025-06-15-thai-cuisine-guide/index.md,markdown_img,northern-thai-cuisine.jpg,content/posts/2025-06-15-thai-cuisine-guide/northern-thai-cuisine.jpg
content/posts/2025-06-15-thai-cuisine-guide/index.md,markdown_img,som-tam-fresh.jpg,content/posts/2025-06-15-thai-cuisine-guide/som-tam-fresh.jpg
content/posts/2025-06-15-thai-cuisine-guide/index.md,markdown_img,southern-thai-spicy.jpg,content/posts/2025-06-15-thai-cuisine-guide/southern-thai-spicy.jpg
content/posts/2025-06-15-thai-cuisine-guide/index.md,markdown_img,thai-beer-food-pairing.jpg,content/posts/2025-06-15-thai-cuisine-guide/thai-beer-food-pairing.jpg
content/posts/2025-06-15-thai-cuisine-guide/index.md,markdown_img,thai-cooking-seasonings.jpg,content/posts/2025-06-15-thai-cuisine-guide/thai-cooking-seasonings.jpg
content/posts/2025-06-15-thai-cuisine-guide/index.md,markdown_img,thai-cuisine-beautiful-presentation.jpg,content/posts/2025-06-15-thai-cuisine-guide/thai-cuisine-beautiful-presentation.jpg
content/posts/2025-06-15-thai-cuisine-guide/index.md,markdown_img,thai-herbs-spices.jpg,content/posts/2025-06-15-thai-cuisine-guide/thai-herbs-spices.jpg
content/posts/2025-06-15-thai-cuisine-guide/index.md,markdown_img,thai-market-cooking.jpg,content/posts/2025-06-15-thai-cuisine-guide/thai-market-cooking.jpg
content/posts/2025-06-15-thai-cuisine-guide/index.md,markdown_img,thai-market-fresh-herbs.jpg,content/posts/2025-06-15-thai-cuisine-guide/thai-market-fresh-herbs.jpg
content/posts/2025-06-15-thai-cuisine-guide/index.md,markdown_img,thai-street-food-stalls.jpg,content/posts/2025-06-15-thai-cuisine-guide/thai-street-food-stalls.jpg
content/posts/2025-06-15-thai-cuisine-guide/index.md,markdown_img,thai-tropical-fruits.jpg,content/posts/2025-06-15-thai-cuisine-guide/thai-tropical-fruits.jpg
content/posts/2025-06-15-thai-cuisine-guide/index.md,markdown_img,tom-yum-goong-spicy.jpg,content/posts/2025-06-15-thai-cuisine-guide/tom-yum-goong-spicy.jpg
content/posts/2025-06-15-thai-cuisine-guide/index.md,markdown_img,traditional-thai-desserts.jpg,content/posts/2025-06-15-thai-cuisine-guide/traditional-thai-desserts.jpg
content/posts/2025-06-20-mexican-cuisine-guide/index.md,cover.image,mexican-cuisine-colorful.jpg,content/posts/2025-06-20-mexican-cuisine-guide/mexican-cuisine-colorful.jpg
content/posts/2025-06-20-mexican-cuisine-guide/index.md,markdown_img,authentic-street-tacos.jpg,content/posts/2025-06-20-mexican-cuisine-guide/authentic-street-tacos.jpg
content/posts/2025-06-20-mexican-cuisine-guide/index.md,markdown_img,aztec-ingredients-cuisine.jpg,content/posts/2025-06-20-mexican-cuisine-guide/aztec-ingredients-cuisine.jpg
content/posts/2025-06-20-mexican-cuisine-guide/index.md,markdown_img,cheese-enchiladas.jpg,content/posts/2025-06-20-mexican-cuisine-guide/cheese-enchiladas.jpg
content/posts/2025-06-20-mexican-cuisine-guide/index.md,markdown_img,day-dead-altar-bread.jpg,content/posts/2025-06-20-mexican-cuisine-guide/day-dead-altar-bread.jpg
content/posts/2025-06-20-mexican-cuisine-guide/index.md,markdown_img,fresh-guacamole.jpg,content/posts/2025-06-20-mexican-cuisine-guide/fresh-guacamole.jpg
content/posts/2025-06-20-mexican-cuisine-guide/index.md,markdown_img,mexican-chili-varieties.jpg,content/posts/2025-06-20-mexican-cuisine-guide/mexican-chili-varieties.jpg
content/posts/2025-06-20-mexican-cuisine-guide/index.md,markdown_img,mexican-cooking-essentials.jpg,content/posts/2025-06-20-mexican-cuisine-guide/mexican-cooking-essentials.jpg
content/posts/2025-06-20-mexican-cuisine-guide/index.md,markdown_img,mexican-family-meal.jpg,content/posts/2025-06-20-mexican-cuisine-guide/mexican-family-meal.jpg
content/posts/2025-06-20-mexican-cuisine-guide/index.md,markdown_img,mexican-market-chilies.jpg,content/posts/2025-06-20-mexican-cuisine-guide/mexican-market-chilies.jpg
content/posts/2025-06-20-mexican-cuisine-guide/index.md,markdown_img,mezcal-traditional-production.jpg,content/posts/2025-06-20-mexican-cuisine-guide/mezcal-traditional-production.jpg
content/posts/2025-06-20-mexican-cuisine-guide/index.md,markdown_img,modern-mexican-cuisine.jpg,content/posts/2025-06-20-mexican-cuisine-guide/modern-mexican-cuisine.jpg
content/posts/2025-06-20-mexican-cuisine-guide/index.md,markdown_img,mole-poblano-complex.jpg,content/posts/2025-06-20-mexican-cuisine-guide/mole-poblano-complex.jpg
content/posts/2025-06-20-mexican-cuisine-guide/index.md,markdown_img,tequila-production-process.jpg,content/posts/2025-06-20-mexican-cuisine-guide/tequila-production-process.jpg
content/posts/2025-06-20-mexican-cuisine-guide/index.md,markdown_img,three-sisters-crops.jpg,content/posts/2025-06-20-mexican-cuisine-guide/three-sisters-crops.jpg
content/posts/2025-06-20-mexican-cuisine-guide/index.md,markdown_img,traditional-pozole-rojo.jpg,content/posts/2025-06-20-mexican-cuisine-guide/traditional-pozole-rojo.jpg
content/posts/2025-07-01-paris-travel-guide/index.md,cover.image,eiffel-tower.jpg,content/posts/2025-07-01-paris-travel-guide/eiffel-tower.jpg
content/posts/2025-07-01-paris-travel-guide/index.md,markdown_img,bookstore-latin.jpg,content/posts/2025-07-01-paris-travel-guide/bookstore-latin.jpg
content/posts/2025-07-01-paris-travel-guide/index.md,markdown_img,champs-elysees.jpg,content/posts/2025-07-01-paris-travel-guide/champs-elysees.jpg
content/posts/2025-07-01-paris-travel-guide/index.md,markdown_img,eiffel-sunset.jpg,content/posts/2025-07-01-paris-travel-guide/eiffel-sunset.jpg
content/posts/2025-07-01-paris-travel-guide/index.md,markdown_img,french-cuisine.jpg,content/posts/2025-07-01-paris-travel-guide/french-cuisine.jpg
content/posts/2025-07-01-paris-travel-guide/index.md,markdown_img,louvre-pyramid.jpg,content/posts/2025-07-01-paris-travel-guide/louvre-pyramid.jpg
content/posts/2025-07-01-paris-travel-guide/index.md,markdown_img,marais-district.jpg,content/posts/2025-07-01-paris-travel-guide/marais-district.jpg
content/posts/2025-07-01-paris-travel-guide/index.md,markdown_img,metro-entrance.jpg,content/posts/2025-07-01-paris-travel-guide/metro-entrance.jpg
content/posts/2025-07-01-paris-travel-guide/index.md,markdown_img,montmartre-view.jpg,content/posts/2025-07-01-paris-travel-guide/montmartre-view.jpg
content/posts/2025-07-01-paris-travel-guide/index.md,markdown_img,notre-dame.jpg,content/posts/2025-07-01-paris-travel-guide/notre-dame.jpg
content/posts/2025-07-01-paris-travel-guide/index.md,markdown_img,paris-cafe.jpg,content/posts/2025-07-01-paris-travel-guide/paris-cafe.jpg
content/posts/2025-07-01-paris-travel-guide/index.md,markdown_img,seine-evening.jpg,content/posts/2025-07-01-paris-travel-guide/seine-evening.jpg
content/posts/2025-07-01-paris-travel-guide/index.md,markdown_img,seine-summer.jpg,content/posts/2025-07-01-paris-travel-guide/seine-summer.jpg
content/posts/2025-07-01-paris-travel-guide/index.md,markdown_img,shopping-champs.jpg,content/posts/2025-07-01-paris-travel-guide/shopping-champs.jpg
content/posts/2025-07-03-tokyo-ultimate-guide/index.md,cover.image,tokyo-skyline.jpg,content/posts/2025-07-03-tokyo-ultimate-guide/tokyo-skyline.jpg
content/posts/2025-07-03-tokyo-ultimate-guide/index.md,markdown_img,akihabara-anime.jpg,content/posts/2025-07-03-tokyo-ultimate-guide/akihabara-anime.jpg
content/posts/2025-07-03-tokyo-ultimate-guide/index.md,markdown_img,disney-castle.jpg,content/posts/2025-07-03-tokyo-ultimate-guide/disney-castle.jpg
content/posts/2025-07-03-tokyo-ultimate-guide/index.md,markdown_img,ginza-luxury.jpg,content/posts/2025-07-03-tokyo-ultimate-guide/ginza-luxury.jpg
content/posts/2025-07-03-tokyo-ultimate-guide/index.md,markdown_img,harajuku-takeshita.jpg,content/posts/2025-07-03-tokyo-ultimate-guide/harajuku-takeshita.jpg
content/posts/2025-07-03-tokyo-ultimate-guide/index.md,markdown_img,kabukicho-neon.jpg,content/posts/2025-07-03-tokyo-ultimate-guide/kabukicho-neon.jpg
content/posts/2025-07-03-tokyo-ultimate-guide/index.md,markdown_img,meiji-shrine.jpg,content/posts/2025-07-03-tokyo-ultimate-guide/meiji-shrine.jpg
content/posts/2025-07-03-tokyo-ultimate-guide/index.md,markdown_img,odaiba-futuristic.jpg,content/posts/2025-07-03-tokyo-ultimate-guide/odaiba-futuristic.jpg
content/posts/2025-07-03-tokyo-ultimate-guide/index.md,markdown_img,roppongi-hills.jpg,content/posts/2025-07-03-tokyo-ultimate-guide/roppongi-hills.jpg
content/posts/2025-07-03-tokyo-ultimate-guide/index.md,markdown_img,sensoji-temple.jpg,content/posts/2025-07-03-tokyo-ultimate-guide/sensoji-temple.jpg
content/posts/2025-07-03-tokyo-ultimate-guide/index.md,markdown_img,shibuya-crossing.jpg,content/posts/2025-07-03-tokyo-ultimate-guide/shibuya-crossing.jpg
content/posts/2025-07-03-tokyo-ultimate-guide/index.md,markdown_img,shinkansen.jpg,content/posts/2025-07-03-tokyo-ultimate-guide/shinkansen.jpg
content/posts/2025-07-03-tokyo-ultimate-guide/index.md,markdown_img,sumida-fireworks.jpg,content/posts/2025-07-03-tokyo-ultimate-guide/sumida-fireworks.jpg
content/posts/2025-07-03-tokyo-ultimate-guide/index.md,markdown_img,tokyo-night-view.jpg,content/posts/2025-07-03-tokyo-ultimate-guide/tokyo-night-view.jpg
content/posts/2025-07-03-tokyo-ultimate-guide/index.md,markdown_img,tokyo-station.jpg,content/posts/2025-07-03-tokyo-ultimate-guide/tokyo-station.jpg
content/posts/2025-07-03-tokyo-ultimate-guide/index.md,markdown_img,tsukiji-seafood.jpg,content/posts/2025-07-03-tokyo-ultimate-guide/tsukiji-seafood.jpg
content/posts/2025-07-03-tokyo-ultimate-guide/index.md,markdown_img,ueno-sakura.jpg,content/posts/2025-07-03-tokyo-ultimate-guide/ueno-sakura.jpg
content/posts/2025-07-03-tokyo-ultimate-guide/index.md,markdown_img,yamanote-line.jpg,content/posts/2025-07-03-tokyo-ultimate-guide/yamanote-line.jpg
content/posts/2025-07-03-tokyo-ultimate-guide/index.md,markdown_img,yanaka-ginza.jpg,content/posts/2025-07-03-tokyo-ultimate-guide/yanaka-ginza.jpg
content/posts/2025-07-05-bali-paradise-guide/index.md,cover.image,bali-rice-terraces.jpg,content/posts/2025-07-05-bali-paradise-guide/bali-rice-terraces.jpg
content/posts/2025-07-05-bali-paradise-guide/index.md,markdown_img,bali-magical-sunset.jpg,content/posts/2025-07-05-bali-paradise-guide/bali-magical-sunset.jpg
content/posts/2025-07-05-bali-paradise-guide/index.md,markdown_img,bali-nasi-goreng.jpg,content/posts/2025-07-05-bali-paradise-guide/bali-nasi-goreng.jpg
content/posts/2025-07-05-bali-paradise-guide/index.md,markdown_img,bali-rainy-season.jpg,content/posts/2025-07-05-bali-paradise-guide/bali-rainy-season.jpg
content/posts/2025-07-05-bali-paradise-guide/index.md,markdown_img,bali-sunset-beach.jpg,content/posts/2025-07-05-bali-paradise-guide/bali-sunset-beach.jpg
content/posts/2025-07-05-bali-paradise-guide/index.md,markdown_img,bali-surfing.jpg,content/posts/2025-07-05-bali-paradise-guide/bali-surfing.jpg
content/posts/2025-07-05-bali-paradise-guide/index.md,markdown_img,bali-traditional-crafts.jpg,content/posts/2025-07-05-bali-paradise-guide/bali-traditional-crafts.jpg
content/posts/2025-07-05-bali-paradise-guide/index.md,markdown_img,bali-volcano-trekking.jpg,content/posts/2025-07-05-bali-paradise-guide/bali-volcano-trekking.jpg
content/posts/2025-07-05-bali-paradise-guide/index.md,markdown_img,balinese-spa-massage.jpg,content/posts/2025-07-05-bali-paradise-guide/balinese-spa-massage.jpg
content/posts/2025-07-05-bali-paradise-guide/index.md,markdown_img,besakih-temple.jpg,content/posts/2025-07-05-bali-paradise-guide/besakih-temple.jpg
content/posts/2025-07-05-bali-paradise-guide/index.md,markdown_img,galungan-penjor.jpg,content/posts/2025-07-05-bali-paradise-guide/galungan-penjor.jpg
content/posts/2025-07-05-bali-paradise-guide/index.md,markdown_img,luxury-hotel-spa.jpg,content/posts/2025-07-05-bali-paradise-guide/luxury-hotel-spa.jpg
content/posts/2025-07-05-bali-paradise-guide/index.md,markdown_img,nyepi-silent-day.jpg,content/posts/2025-07-05-bali-paradise-guide/nyepi-silent-day.jpg
content/posts/2025-07-05-bali-paradise-guide/index.md,markdown_img,sanur-sunrise.jpg,content/posts/2025-07-05-bali-paradise-guide/sanur-sunrise.jpg
content/posts/2025-07-05-bali-paradise-guide/index.md,markdown_img,seminyak-beach-club.jpg,content/posts/2025-07-05-bali-paradise-guide/seminyak-beach-club.jpg
content/posts/2025-07-05-bali-paradise-guide/index.md,markdown_img,seminyak-boutique.jpg,content/posts/2025-07-05-bali-paradise-guide/seminyak-boutique.jpg
content/posts/2025-07-05-bali-paradise-guide/index.md,markdown_img,tanah-lot-sunset.jpg,content/posts/2025-07-05-bali-paradise-guide/tanah-lot-sunset.jpg
content/posts/2025-07-05-bali-paradise-guide/index.md,markdown_img,ubud-cafe-culture.jpg,content/posts/2025-07-05-bali-paradise-guide/ubud-cafe-culture.jpg
content/posts/2025-07-05-bali-paradise-guide/index.md,markdown_img,ubud-tegallalang.jpg,content/posts/2025-07-05-bali-paradise-guide/ubud-tegallalang.jpg
content/posts/2025-07-05-bali-paradise-guide/index.md,markdown_img,ubud-yoga-retreat.jpg,content/posts/2025-07-05-bali-paradise-guide/ubud-yoga-retreat.jpg
content/posts/2025-07-05-bali-paradise-guide/index.md,markdown_img,uluwatu-temple-view.jpg,content/posts/2025-07-05-bali-paradise-guide/uluwatu-temple-view.jpg
content/posts/2025-07-07-newyork-city-guide/index.md,cover.image,nyc-skyline-manhattan.jpg,content/posts/2025-07-07-newyork-city-guide/nyc-skyline-manhattan.jpg
content/posts/2025-07-07-newyork-city-guide/index.md,markdown_img,911-memorial-pools.jpg,content/posts/2025-07-07-newyork-city-guide/911-memorial-pools.jpg
content/posts/2025-07-07-newyork-city-guide/index.md,markdown_img,broadway-theater-district.jpg,content/posts/2025-07-07-newyork-city-guide/broadway-theater-district.jpg
content/posts/2025-07-07-newyork-city-guide/index.md,markdown_img,brooklyn-bridge-view.jpg,content/posts/2025-07-07-newyork-city-guide/brooklyn-bridge-view.jpg
content/posts/2025-07-07-newyork-city-guide/index.md,markdown_img,central-park-seasons.jpg,content/posts/2025-07-07-newyork-city-guide/central-park-seasons.jpg
content/posts/2025-07-07-newyork-city-guide/index.md,markdown_img,chelsea-market.jpg,content/posts/2025-07-07-newyork-city-guide/chelsea-market.jpg
content/posts/2025-07-07-newyork-city-guide/index.md,markdown_img,empire-state-view.jpg,content/posts/2025-07-07-newyork-city-guide/empire-state-view.jpg
content/posts/2025-07-07-newyork-city-guide/index.md,markdown_img,fifth-avenue-luxury.jpg,content/posts/2025-07-07-newyork-city-guide/fifth-avenue-luxury.jpg
content/posts/2025-07-07-newyork-city-guide/index.md,markdown_img,harlem-jazz-club.jpg,content/posts/2025-07-07-newyork-city-guide/harlem-jazz-club.jpg
content/posts/2025-07-07-newyork-city-guide/index.md,markdown_img,highline-elevated-park.jpg,content/posts/2025-07-07-newyork-city-guide/highline-elevated-park.jpg
content/posts/2025-07-07-newyork-city-guide/index.md,markdown_img,lincoln-center.jpg,content/posts/2025-07-07-newyork-city-guide/lincoln-center.jpg
content/posts/2025-07-07-newyork-city-guide/index.md,markdown_img,macys-department-store.jpg,content/posts/2025-07-07-newyork-city-guide/macys-department-store.jpg
content/posts/2025-07-07-newyork-city-guide/index.md,markdown_img,manhattan-skyscrapers.jpg,content/posts/2025-07-07-newyork-city-guide/manhattan-skyscrapers.jpg
content/posts/2025-07-07-newyork-city-guide/index.md,markdown_img,met-museum-interior.jpg,content/posts/2025-07-07-newyork-city-guide/met-museum-interior.jpg
content/posts/2025-07-07-newyork-city-guide/index.md,markdown_img,moma-modern-art.jpg,content/posts/2025-07-07-newyork-city-guide/moma-modern-art.jpg
content/posts/2025-07-07-newyork-city-guide/index.md,markdown_img,ny-fine-dining.jpg,content/posts/2025-07-07-newyork-city-guide/ny-fine-dining.jpg
content/posts/2025-07-07-newyork-city-guide/index.md,markdown_img,ny-pizza-slice.jpg,content/posts/2025-07-07-newyork-city-guide/ny-pizza-slice.jpg
content/posts/2025-07-07-newyork-city-guide/index.md,markdown_img,nyc-night-panorama.jpg,content/posts/2025-07-07-newyork-city-guide/nyc-night-panorama.jpg
content/posts/2025-07-07-newyork-city-guide/index.md,markdown_img,rockefeller-christmas-tree.jpg,content/posts/2025-07-07-newyork-city-guide/rockefeller-christmas-tree.jpg
content/posts/2025-07-07-newyork-city-guide/index.md,markdown_img,rooftop-bar-manhattan.jpg,content/posts/2025-07-07-newyork-city-guide/rooftop-bar-manhattan.jpg
content/posts/2025-07-07-newyork-city-guide/index.md,markdown_img,statue-of-liberty.jpg,content/posts/2025-07-07-newyork-city-guide/statue-of-liberty.jpg
content/posts/2025-07-07-newyork-city-guide/index.md,markdown_img,summer-concert-park.jpg,content/posts/2025-07-07-newyork-city-guide/summer-concert-park.jpg
content/posts/2025-07-07-newyork-city-guide/index.md,markdown_img,times-square-night.jpg,content/posts/2025-07-07-newyork-city-guide/times-square-night.jpg
content/posts/2025-07-10-london-royal-guide/index.md,cover.image,london-big-ben-parliament.jpg,content/posts/2025-07-10-london-royal-guide/london-big-ben-parliament.jpg
content/posts/2025-07-10-london-royal-guide/index.md,markdown_img,afternoon-tea-elegant.jpg,content/posts/2025-07-10-london-royal-guide/afternoon-tea-elegant.jpg
content/posts/2025-07-10-london-royal-guide/index.md,markdown_img,brick-lane-curry-house.jpg,content/posts/2025-07-10-london-royal-guide/brick-lane-curry-house.jpg
content/posts/2025-07-10-london-royal-guide/index.md,markdown_img,british-museum-great-court.jpg,content/posts/2025-07-10-london-royal-guide/british-museum-great-court.jpg
content/posts/2025-07-10-london-royal-guide/index.md,markdown_img,buckingham-palace-guards.jpg,content/posts/2025-07-10-london-royal-guide/buckingham-palace-guards.jpg
content/posts/2025-07-10-london-royal-guide/index.md,markdown_img,camden-market-street.jpg,content/posts/2025-07-10-london-royal-guide/camden-market-street.jpg
content/posts/2025-07-10-london-royal-guide/index.md,markdown_img,covent-garden-christmas.jpg,content/posts/2025-07-10-london-royal-guide/covent-garden-christmas.jpg
content/posts/2025-07-10-london-royal-guide/index.md,markdown_img,greenwich-observatory.jpg,content/posts/2025-07-10-london-royal-guide/greenwich-observatory.jpg
content/posts/2025-07-10-london-royal-guide/index.md,markdown_img,hyde-park-serpentine.jpg,content/posts/2025-07-10-london-royal-guide/hyde-park-serpentine.jpg
content/posts/2025-07-10-london-royal-guide/index.md,markdown_img,kew-gardens-greenhouse.jpg,content/posts/2025-07-10-london-royal-guide/kew-gardens-greenhouse.jpg
content/posts/2025-07-10-london-royal-guide/index.md,markdown_img,london-red-double-decker.jpg,content/posts/2025-07-10-london-royal-guide/london-red-double-decker.jpg
content/posts/2025-07-10-london-royal-guide/index.md,markdown_img,london-thames-night.jpg,content/posts/2025-07-10-london-royal-guide/london-thames-night.jpg
content/posts/2025-07-10-london-royal-guide/index.md,markdown_img,london-thames-skyline.jpg,content/posts/2025-07-10-london-royal-guide/london-thames-skyline.jpg
content/posts/2025-07-10-london-royal-guide/index.md,markdown_img,london-tube-station.jpg,content/posts/2025-07-10-london-royal-guide/london-tube-station.jpg
content/posts/2025-07-10-london-royal-guide/index.md,markdown_img,modern-british-cuisine.jpg,content/posts/2025-07-10-london-royal-guide/modern-british-cuisine.jpg
content/posts/2025-07-10-london-royal-guide/index.md,markdown_img,notting-hill-carnival.jpg,content/posts/2025-07-10-london-royal-guide/notting-hill-carnival.jpg
content/posts/2025-07-10-london-royal-guide/index.md,markdown_img,shoreditch-street-art.jpg,content/posts/2025-07-10-london-royal-guide/shoreditch-street-art.jpg
content/posts/2025-07-10-london-royal-guide/index.md,markdown_img,southbank-street-art.jpg,content/posts/2025-07-10-london-royal-guide/southbank-street-art.jpg
content/posts/2025-07-10-london-royal-guide/index.md,markdown_img,tate-modern-art.jpg,content/posts/2025-07-10-london-royal-guide/tate-modern-art.jpg
content/posts/2025-07-10-london-royal-guide/index.md,markdown_img,tower-of-london-bridge.jpg,content/posts/2025-07-10-london-royal-guide/tower-of-london-bridge.jpg
content/posts/2025-07-10-london-royal-guide/index.md,markdown_img,traditional-british-pub.jpg,content/posts/2025-07-10-london-royal-guide/traditional-british-pub.jpg
content/posts/2025-07-10-london-royal-guide/index.md,markdown_img,west-end-theaters.jpg,content/posts/2025-07-10-london-royal-guide/west-end-theaters.jpg
content/posts/2025-07-10-london-royal-guide/index.md,markdown_img,westminster-abbey-interior.jpg,content/posts/2025-07-10-london-royal-guide/westminster-abbey-interior.jpg
content/posts/2025-07-10-london-royal-guide/index.md,markdown_img,windsor-castle-exterior.jpg,content/posts/2025-07-10-london-royal-guide/windsor-castle-exterior.jpg
content/posts/2025-07-12-barcelona-gaudi-guide/index.md,cover.image,agrada-familia-sunset.jpg,content/posts/2025-07-12-barcelona-gaudi-guide/agrada-familia-sunset.jpg
content/posts/2025-07-12-barcelona-gaudi-guide/index.md,markdown_img,barcelona-cityscape.jpg,content/posts/2025-07-12-barcelona-gaudi-guide/barcelona-cityscape.jpg
content/posts/2025-07-12-barcelona-gaudi-guide/index.md,markdown_img,barcelona-sunset-panorama.jpg,content/posts/2025-07-12-barcelona-gaudi-guide/barcelona-sunset-panorama.jpg
content/posts/2025-07-12-barcelona-gaudi-guide/index.md,markdown_img,barceloneta-beach.jpg,content/posts/2025-07-12-barcelona-gaudi-guide/barceloneta-beach.jpg
content/posts/2025-07-12-barcelona-gaudi-guide/index.md,markdown_img,casa-batllo-facade.jpg,content/posts/2025-07-12-barcelona-gaudi-guide/casa-batllo-facade.jpg
content/posts/2025-07-12-barcelona-gaudi-guide/index.md,markdown_img,casa-mila-facade.jpg,content/posts/2025-07-12-barcelona-gaudi-guide/casa-mila-facade.jpg
content/posts/2025-07-12-barcelona-gaudi-guide/index.md,markdown_img,catalonia-wine-tasting.jpg,content/posts/2025-07-12-barcelona-gaudi-guide/catalonia-wine-tasting.jpg
content/posts/2025-07-12-barcelona-gaudi-guide/index.md,markdown_img,costa-brava-coves.jpg,content/posts/2025-07-12-barcelona-gaudi-guide/costa-brava-coves.jpg
content/posts/2025-07-12-barcelona-gaudi-guide/index.md,markdown_img,el-born-art-galleries.jpg,content/posts/2025-07-12-barcelona-gaudi-guide/el-born-art-galleries.jpg
content/posts/2025-07-12-barcelona-gaudi-guide/index.md,markdown_img,flamenco-dance.jpg,content/posts/2025-07-12-barcelona-gaudi-guide/flamenco-dance.jpg
content/posts/2025-07-12-barcelona-gaudi-guide/index.md,markdown_img,gothic-quarter-streets.jpg,content/posts/2025-07-12-barcelona-gaudi-guide/gothic-quarter-streets.jpg
content/posts/2025-07-12-barcelona-gaudi-guide/index.md,markdown_img,la-merce-human-towers.jpg,content/posts/2025-07-12-barcelona-gaudi-guide/la-merce-human-towers.jpg
content/posts/2025-07-12-barcelona-gaudi-guide/index.md,markdown_img,las-ramblas-pedestrian.jpg,content/posts/2025-07-12-barcelona-gaudi-guide/las-ramblas-pedestrian.jpg
content/posts/2025-07-12-barcelona-gaudi-guide/index.md,markdown_img,miro-museum-abstract.jpg,content/posts/2025-07-12-barcelona-gaudi-guide/miro-museum-abstract.jpg
content/posts/2025-07-12-barcelona-gaudi-guide/index.md,markdown_img,montserrat-monastery.jpg,content/posts/2025-07-12-barcelona-gaudi-guide/montserrat-monastery.jpg
content/posts/2025-07-12-barcelona-gaudi-guide/index.md,markdown_img,olympic-port-marina.jpg,content/posts/2025-07-12-barcelona-gaudi-guide/olympic-port-marina.jpg
content/posts/2025-07-12-barcelona-gaudi-guide/index.md,markdown_img,palau-sant-jordi-stained-glass.jpg,content/posts/2025-07-12-barcelona-gaudi-guide/palau-sant-jordi-stained-glass.jpg
content/posts/2025-07-12-barcelona-gaudi-guide/index.md,markdown_img,park-guell-mosaic.jpg,content/posts/2025-07-12-barcelona-gaudi-guide/park-guell-mosaic.jpg
content/posts/2025-07-12-barcelona-gaudi-guide/index.md,markdown_img,passeig-de-gracia-shopping.jpg,content/posts/2025-07-12-barcelona-gaudi-guide/passeig-de-gracia-shopping.jpg
content/posts/2025-07-12-barcelona-gaudi-guide/index.md,markdown_img,picasso-museum-blue-period.jpg,content/posts/2025-07-12-barcelona-gaudi-guide/picasso-museum-blue-period.jpg
content/posts/2025-07-12-barcelona-gaudi-guide/index.md,markdown_img,sagrada-familia-details.jpg,content/posts/2025-07-12-barcelona-gaudi-guide/sagrada-familia-details.jpg
content/posts/2025-07-12-barcelona-gaudi-guide/index.md,markdown_img,sant-jordi-roses-books.jpg,content/posts/2025-07-12-barcelona-gaudi-guide/sant-jordi-roses-books.jpg
content/posts/2025-07-12-barcelona-gaudi-guide/index.md,markdown_img,seafood-paella.jpg,content/posts/2025-07-12-barcelona-gaudi-guide/seafood-paella.jpg
content/posts/2025-07-12-barcelona-gaudi-guide/index.md,markdown_img,tapas-selection.jpg,content/posts/2025-07-12-barcelona-gaudi-guide/tapas-selection.jpg
content/posts/2025-07-15-rome-eternal-city/index.md,cover.image,colosseum-sunset.jpg,content/posts/2025-07-15-rome-eternal-city/colosseum-sunset.jpg
content/posts/2025-07-15-rome-eternal-city/index.md,markdown_img,colosseum-interior.jpg,content/posts/2025-07-15-rome-eternal-city/colosseum-interior.jpg
content/posts/2025-07-15-rome-eternal-city/index.md,markdown_img,pantheon-dome.jpg,content/posts/2025-07-15-rome-eternal-city/pantheon-dome.jpg
content/posts/2025-07-15-rome-eternal-city/index.md,markdown_img,roman-forum-ruins.jpg,content/posts/2025-07-15-rome-eternal-city/roman-forum-ruins.jpg
content/posts/2025-07-15-rome-eternal-city/index.md,markdown_img,sydney-harbour.jpg,content/posts/2025-07-15-rome-eternal-city/sydney-harbour.jpg
content/posts/2025-07-18-sydney-harbour-guide/index.md,cover.image,ydney-opera-house-harbour.jpg,content/posts/2025-07-18-sydney-harbour-guide/ydney-opera-house-harbour.jpg
content/posts/2025-07-18-sydney-harbour-guide/index.md,markdown_img,bondi-beach-surfing.jpg,content/posts/2025-07-18-sydney-harbour-guide/bondi-beach-surfing.jpg
content/posts/2025-07-18-sydney-harbour-guide/index.md,markdown_img,harbour-bridge-view.jpg,content/posts/2025-07-18-sydney-harbour-guide/harbour-bridge-view.jpg
content/posts/2025-07-18-sydney-harbour-guide/index.md,markdown_img,opera-house-interior.jpg,content/posts/2025-07-18-sydney-harbour-guide/opera-house-interior.jpg
content/posts/2025-07-18-sydney-harbour-guide/index.md,markdown_img,sydney-rock-oysters.jpg,content/posts/2025-07-18-sydney-harbour-guide/sydney-rock-oysters.jpg
content/posts/2025-07-21-dubai-luxury-guide/index.md,cover.image,burj-khalifa-dubai-fountain.jpg,content/posts/2025-07-21-dubai-luxury-guide/burj-khalifa-dubai-fountain.jpg
content/posts/2025-07-21-dubai-luxury-guide/index.md,markdown_img,burj-al-arab-suite.jpg,content/posts/2025-07-21-dubai-luxury-guide/burj-al-arab-suite.jpg
content/posts/2025-07-21-dubai-luxury-guide/index.md,markdown_img,burj-khalifa-view.jpg,content/posts/2025-07-21-dubai-luxury-guide/burj-khalifa-view.jpg
content/posts/2025-07-21-dubai-luxury-guide/index.md,markdown_img,desert-resort-villa.jpg,content/posts/2025-07-21-dubai-luxury-guide/desert-resort-villa.jpg
content/posts/2025-07-21-dubai-luxury-guide/index.md,markdown_img,desert-safari-dunes.jpg,content/posts/2025-07-21-dubai-luxury-guide/desert-safari-dunes.jpg
content/posts/2025-07-21-dubai-luxury-guide/index.md,markdown_img,dubai-mall-luxury.jpg,content/posts/2025-07-21-dubai-luxury-guide/dubai-mall-luxury.jpg
content/posts/2025-07-21-dubai-luxury-guide/index.md,markdown_img,dubai-marina-skyscrapers.jpg,content/posts/2025-07-21-dubai-luxury-guide/dubai-marina-skyscrapers.jpg
content/posts/2025-07-21-dubai-luxury-guide/index.md,markdown_img,dubai-night-panorama.jpg,content/posts/2025-07-21-dubai-luxury-guide/dubai-night-panorama.jpg
content/posts/2025-07-21-dubai-luxury-guide/index.md,markdown_img,gold-souk-jewelry.jpg,content/posts/2025-07-21-dubai-luxury-guide/gold-souk-jewelry.jpg
content/posts/2025-07-21-dubai-luxury-guide/index.md,markdown_img,middle-eastern-cuisine.jpg,content/posts/2025-07-21-dubai-luxury-guide/middle-eastern-cuisine.jpg
content/posts/2025-07-21-dubai-luxury-guide/index.md,markdown_img,palm-jumeirah-aerial.jpg,content/posts/2025-07-21-dubai-luxury-guide/palm-jumeirah-aerial.jpg
content/posts/2025-07-25-santorini-greece-guide/index.md,cover.image,antorini-blue-domes.jpg,content/posts/2025-07-25-santorini-greece-guide/antorini-blue-domes.jpg
content/posts/2025-07-25-santorini-greece-guide/index.md,markdown_img,akrotiri-archaeological-site.jpg,content/posts/2025-07-25-santorini-greece-guide/akrotiri-archaeological-site.jpg
content/posts/2025-07-25-santorini-greece-guide/index.md,markdown_img,cave-hotel-terrace.jpg,content/posts/2025-07-25-santorini-greece-guide/cave-hotel-terrace.jpg
content/posts/2025-07-25-santorini-greece-guide/index.md,markdown_img,cycladic-architecture.jpg,content/posts/2025-07-25-santorini-greece-guide/cycladic-architecture.jpg
content/posts/2025-07-25-santorini-greece-guide/index.md,markdown_img,fira-cliffside-walkway.jpg,content/posts/2025-07-25-santorini-greece-guide/fira-cliffside-walkway.jpg
content/posts/2025-07-25-santorini-greece-guide/index.md,markdown_img,greek-seafood-plate.jpg,content/posts/2025-07-25-santorini-greece-guide/greek-seafood-plate.jpg
content/posts/2025-07-25-santorini-greece-guide/index.md,markdown_img,kamari-black-beach.jpg,content/posts/2025-07-25-santorini-greece-guide/kamari-black-beach.jpg
content/posts/2025-07-25-santorini-greece-guide/index.md,markdown_img,nea-kameni-volcano.jpg,content/posts/2025-07-25-santorini-greece-guide/nea-kameni-volcano.jpg
content/posts/2025-07-25-santorini-greece-guide/index.md,markdown_img,oia-village-architecture.jpg,content/posts/2025-07-25-santorini-greece-guide/oia-village-architecture.jpg
content/posts/2025-07-25-santorini-greece-guide/index.md,markdown_img,red-beach-cliffs.jpg,content/posts/2025-07-25-santorini-greece-guide/red-beach-cliffs.jpg
content/posts/2025-07-25-santorini-greece-guide/index.md,markdown_img,santorini-magical-sunset.jpg,content/posts/2025-07-25-santorini-greece-guide/santorini-magical-sunset.jpg
content/posts/2025-07-25-santorini-greece-guide/index.md,markdown_img,santorini-music-festival.jpg,content/posts/2025-07-25-santorini-greece-guide/santorini-music-festival.jpg
content/posts/2025-07-25-santorini-greece-guide/index.md,markdown_img,santorini-oia-sunset.jpg,content/posts/2025-07-25-santorini-greece-guide/santorini-oia-sunset.jpg
content/posts/2025-07-25-santorini-greece-guide/index.md,markdown_img,santorini-sailing.jpg,content/posts/2025-07-25-santorini-greece-guide/santorini-sailing.jpg
content/posts/2025-07-25-santorini-greece-guide/index.md,markdown_img,santorini-summer-blue.jpg,content/posts/2025-07-25-santorini-greece-guide/santorini-summer-blue.jpg
content/posts/2025-07-25-santorini-greece-guide/index.md,markdown_img,santorini-vineyard.jpg,content/posts/2025-07-25-santorini-greece-guide/santorini-vineyard.jpg
content/posts/markdown/index.md,markdown_img,/img/default-cover.svg "デフォルトカバー",static/img/default-cover.svg "デフォルトカバー"
content/posts/posts/2022/20221018_TCPポート番号/index.md,cover.image,network.jpg,content/posts/posts/2022/20221018_TCPポート番号/network.jpg
content/posts/posts/2022/20221101/index.md,cover.image,ander-traa-9aZOqgTOtwg-unsplash.jpg,content/posts/posts/2022/20221101/ander-traa-9aZOqgTOtwg-unsplash.jpg
content/posts/posts/2022/20221103_GitHubを初期化/index.md,cover.image,urface-ZDVUNqe5aLo-unsplash.jpg,content/posts/posts/2022/20221103_GitHubを初期化/urface-ZDVUNqe5aLo-unsplash.jpg
content/posts/posts/2023/20230109switchbot_grafana/index.md,cover.image,martin-marek-vcTxCvh710A-unsplash.jpg,content/posts/posts/2023/20230109switchbot_grafana/martin-marek-vcTxCvh710A-unsplash.jpg
content/posts/posts/20250607_vibe_coding/index.md,markdown_img,./arc.png,content/posts/posts/20250607_vibe_coding/./arc.png
content/posts/posts/20250711_github_slack/index.md,cover.image,lack.png,content/posts/posts/20250711_github_slack/lack.png
